[
	{"model": "products.MeasureUnit", "pk": "g", "fields": {"name": "grama", "created_at": "2000-01-01T00:00:00Z", "updated_at": "2000-01-01T00:00:00Z"}},
    {"model": "products.MeasureUnit", "pk": "ml", "fields": {"name": "mililitro", "created_at": "2000-01-01T00:00:00Z", "updated_at": "2000-01-01T00:00:00Z"}},


	{"model": "products.Ingredient",  "pk":  1, "fields": {"name": "Farinha de Trigo", "created_at": "2000-01-01T00:00:00Z", "updated_at": "2000-01-01T00:00:00Z"}},
	{"model": "products.Ingredient",  "pk":  2, "fields": {"name": "Ovo",              "created_at": "2000-01-01T00:00:00Z", "updated_at": "2000-01-01T00:00:00Z"}},
	{"model": "products.Ingredient",  "pk":  3, "fields": {"name": "Óleo Vegetal",     "created_at": "2000-01-01T00:00:00Z", "updated_at": "2000-01-01T00:00:00Z"}},
	{"model": "products.Ingredient",  "pk":  4, "fields": {"name": "Açúcar Refinado",  "created_at": "2000-01-01T00:00:00Z", "updated_at": "2000-01-01T00:00:00Z"}},
	{"model": "products.Ingredient",  "pk":  5, "fields": {"name": "Fermento Seco",    "created_at": "2000-01-01T00:00:00Z", "updated_at": "2000-01-01T00:00:00Z"}},
	{"model": "products.Ingredient",  "pk":  6, "fields": {"name": "Leite Integral",   "created_at": "2000-01-01T00:00:00Z", "updated_at": "2000-01-01T00:00:00Z"}},
	{"model": "products.Ingredient",  "pk":  7, "fields": {"name": "Baunilha",         "created_at": "2000-01-01T00:00:00Z", "updated_at": "2000-01-01T00:00:00Z"}},
	{"model": "products.Ingredient",  "pk":  8, "fields": {"name": "Cacau 100%",       "created_at": "2000-01-01T00:00:00Z", "updated_at": "2000-01-01T00:00:00Z"}},
	{"model": "products.Ingredient",  "pk":  9, "fields": {"name": "Cenoura",          "created_at": "2000-01-01T00:00:00Z", "updated_at": "2000-01-01T00:00:00Z"}},
	{"model": "products.Ingredient",  "pk": 10, "fields": {"name": "Sal",              "created_at": "2000-01-01T00:00:00Z", "updated_at": "2000-01-01T00:00:00Z"}},

    {"model": "products.Category",    "pk":  1, "fields": {"name": "Bolo",            "yield_measure": "Fatia(s)", "description": "Escolha o tamanho, sabor, decoração e frase — do jeitinho que você quiser!", "created_at": "2000-01-01T00:00:00Z", "updated_at": "2000-01-01T00:00:00Z"}},
    {"model": "products.Category",    "pk":  2, "fields": {"name": "Brigadeiro",      "yield_measure": "Unidade(s)", "description": "Brigadeiros vêm em forminha marrom sanfonada nº 5 (peso aprox. 18g).", "created_at": "2000-01-01T00:00:00Z", "updated_at": "2000-01-01T00:00:00Z"}},

    {"model": "products.Flavor",      "pk":  1, "fields": {"name": "Dois Amores",     "description": "Massa de baunilha e massa de chocolate, com brigadeiro de chocolate e brigadeiro branco", "category": 1, "created_at": "2000-01-01T00:00:00Z", "updated_at": "2000-01-01T00:00:00Z"}},
    {"model": "products.Flavor",      "pk":  2, "fields": {"name": "Chocolatudo",     "description": "Massa de chocolate com recheio cremoso de brigadeiro de chocolate", "category": 1, "created_at": "2000-01-01T00:00:00Z", "updated_at": "2000-01-01T00:00:00Z"}},
    {"model": "products.Flavor",      "pk":  3, "fields": {"name": "Doce de Leite",   "description": "Massa de baunilha com recheio de doce de leite", "category": 1, "created_at": "2000-01-01T00:00:00Z", "updated_at": "2000-01-01T00:00:00Z"}},
    {"model": "products.Flavor",      "pk":  4, "fields": {"name": "Cenoura",         "description": "Massa de cenoura com recheio de brigadeiro de chocolate", "category": 1, "created_at": "2000-01-01T00:00:00Z", "updated_at": "2000-01-01T00:00:00Z"}},
    {"model": "products.Flavor",      "pk":  5, "fields": {"name": "Fragola",         "description": "Massa de baunilha com brigadeiro branco cremoso e geleia artesanal de morango", "category": 1, "created_at": "2000-01-01T00:00:00Z", "updated_at": "2000-01-01T00:00:00Z"}},
    {"model": "products.Flavor",      "pk":  6, "fields": {"name": "Brulee",          "description": "Massa de baunilha com brigadeiro de baunilha e açucar maçaricado e geleia artesanal de morango", "category": 1, "created_at": "2000-01-01T00:00:00Z", "updated_at": "2000-01-01T00:00:00Z"}},
    {"model": "products.Flavor",      "pk":  7, "fields": {"name": "Passione",        "description": "Massa de chocolate com brigadeiro de maracujá, feito com a fruta", "category": 1, "created_at": "2000-01-01T00:00:00Z", "updated_at": "2000-01-01T00:00:00Z"}},
    {"model": "products.Flavor",      "pk":  8, "fields": {"name": "Blue Berry",      "description": "Massa branca com blue berry e brigadeiro de limão siciliano", "category": 1, "created_at": "2000-01-01T00:00:00Z", "updated_at": "2000-01-01T00:00:00Z"}},
    {"model": "products.Flavor",      "pk":  9, "fields": {"name": "Nocciola Crunch", "description": "Massa de baunilha com brigadeiro branco e nutella crocante", "category": 1, "created_at": "2000-01-01T00:00:00Z", "updated_at": "2000-01-01T00:00:00Z"}},
    {"model": "products.Flavor",      "pk": 10, "fields": {"name": "Pink Lemonade",   "description": "Massa branca com brigadeiro de limão siciliano e geleia de frutas vermelhas", "category": 1, "created_at": "2000-01-01T00:00:00Z", "updated_at": "2000-01-01T00:00:00Z"}},
    {"model": "products.Flavor",      "pk": 11, "fields": {"name": "Pistacchio",      "description": "Massa branca com brigadeiro de pistache e geleia de frutas vermelhas", "category": 1, "created_at": "2000-01-01T00:00:00Z", "updated_at": "2000-01-01T00:00:00Z"}},

    {"model": "products.Flavor",      "pk": 12, "fields": {"name": "Ninho",             "category": 2, "created_at": "2000-01-01T00:00:00Z", "updated_at": "2000-01-01T00:00:00Z"}},
    {"model": "products.Flavor",      "pk": 13, "fields": {"name": "Coco",              "category": 2, "created_at": "2000-01-01T00:00:00Z", "updated_at": "2000-01-01T00:00:00Z"}},
    {"model": "products.Flavor",      "pk": 14, "fields": {"name": "Churros",           "category": 2, "created_at": "2000-01-01T00:00:00Z", "updated_at": "2000-01-01T00:00:00Z"}},
    {"model": "products.Flavor",      "pk": 15, "fields": {"name": "Brulêe",            "category": 2, "created_at": "2000-01-01T00:00:00Z", "updated_at": "2000-01-01T00:00:00Z"}},
    {"model": "products.Flavor",      "pk": 16, "fields": {"name": "Ninho com Nutella", "category": 2, "created_at": "2000-01-01T00:00:00Z", "updated_at": "2000-01-01T00:00:00Z"}},
    {"model": "products.Flavor",      "pk": 17, "fields": {"name": "Chocolate",         "category": 2, "created_at": "2000-01-01T00:00:00Z", "updated_at": "2000-01-01T00:00:00Z"}},
    {"model": "products.Flavor",      "pk": 18, "fields": {"name": "Caramelo Salgado",  "category": 2, "created_at": "2000-01-01T00:00:00Z", "updated_at": "2000-01-01T00:00:00Z"}},
    {"model": "products.Flavor",      "pk": 19, "fields": {"name": "Pistache",          "category": 2, "created_at": "2000-01-01T00:00:00Z", "updated_at": "2000-01-01T00:00:00Z"}},

    {"model": "products.Product",     "pk":  1, "fields": {"name": "Mini redondo", "description": "fatias: 4, diâmetro: 10cm, Peso aproximado: 500g", "yield_quantity": 4, "flavors": [2,4,5], "category": 1, "created_at": "2000-01-01T00:00:00Z", "updated_at": "2000-01-01T00:00:00Z"}} ,
    {"model": "products.Product",     "pk":  2, "fields": {"name": "PP redondo",   "description": "fatias: 8, diâmetro: 12cm, peso aproximado: 900g", "yield_quantity": 8, "flavors": [1,2,3,4,5,6,7,8,9,10,11], "category": 1, "created_at": "2000-01-01T00:00:00Z", "updated_at": "2000-01-01T00:00:00Z"}} ,
    {"model": "products.Product",     "pk":  3, "fields": {"name": "P redondo",    "description": "fatias: 15, diâmetro: 15cm, peso aproximado: 1,5kg", "yield_quantity": 15, "flavors": [1,2,3,4,5,6,7,8,9,10,11], "category": 1, "created_at": "2000-01-01T00:00:00Z", "updated_at": "2000-01-01T00:00:00Z"}} ,
    {"model": "products.Product",     "pk":  4, "fields": {"name": "M redondo",    "description": "fatias: 20, diâmetro: 17cm, peso aproximado: 2kg", "yield_quantity": 20, "flavors": [1,2,3,4,5,6,7,8,9,10,11], "category": 1, "created_at": "2000-01-01T00:00:00Z", "updated_at": "2000-01-01T00:00:00Z"}} ,
    {"model": "products.Product",     "pk":  5, "fields": {"name": "G redondo",    "description": "fatias: 30, diâmetro: 20cm, peso aproximado: 3kg", "yield_quantity": 30, "flavors": [1,2,3,4,5,6,7,8,9,10,11], "category": 1, "created_at": "2000-01-01T00:00:00Z", "updated_at": "2000-01-01T00:00:00Z"}} ,

	{"model": "products.Product",     "pk":  5, "fields": {"name": "Caixa com 6 brigadeiros",  "description": "Pode escolher até 1 sabor", "yield_quantity": 6, "flavors": [12, 13, 16, 17],"category": 2, "created_at": "2000-01-01T00:00:00Z", "updated_at": "2000-01-01T00:00:00Z"}},
	{"model": "products.Product",     "pk":  6, "fields": {"name": "Caixa com 12 brigadeiros", "description": "Pode escolher até 2 sabores", "yield_quantity": 12, "flavors": [12, 13, 16, 17], "category": 2, "created_at": "2000-01-01T00:00:00Z", "updated_at": "2000-01-01T00:00:00Z"}},
	{"model": "products.Product",     "pk":  7, "fields": {"name": "Caixa com 25 brigadeiros", "description": "Pode escolher até 3 sabores", "yield_quantity": 25, "flavors": [12, 13, 14, 15, 16, 17, 18, 19], "category": 2, "created_at": "2000-01-01T00:00:00Z", "updated_at": "2000-01-01T00:00:00Z"}},
	{"model": "products.Product",     "pk":  8, "fields": {"name": "Caixa com 50 brigadeiros", "description": "Pode escolher até 4 sabores", "yield_quantity": 50, "flavors": [12, 13, 14, 15, 16, 17, 18, 19], "category": 2, "created_at": "2000-01-01T00:00:00Z", "updated_at": "2000-01-01T00:00:00Z"}},


	{"model": "products.Recipe", "pk": 1, "fields": { "name": "Massa Branca - Óleo", "measure_quantity": "4900.000", "measure_unit": "g", "description": "1.Na batedeira, adicionar os ovos, óleo, açúcar e baunilha\r\n2.Bater por aproximadamente 5min com o globo\r\n3.Depois de tudo incorporado, acrescentar os secos e o leite em 3 partes e bater na velocidade mínima até incorporar\r\n4.Porcionar nas formas\r\n5.Assar a 130 graus", "created_at": "2000-01-01T00:00:00Z", "updated_at": "2000-01-01T00:00:00Z"}},
	{"model": "products.Recipe", "pk": 3, "fields": { "name": "Massa Cenoura - Óleo", "measure_quantity": "2700.000", "measure_unit": "g", "description": "1.Descascar e cortar em rodelas a cenoura\r\n2.No liquidificador bater o açucar, ovos, óleo e cenoura\r\n3.Bater até ficar homogêneo\r\n4.Em um bowl grande, separar a farinha, fermento e sal\r\n5.Transferir o liquido para o bowl e misturar até ficar homogêneo\r\n6.Porcionar nas formas, de acordo com os tamanhos\r\n7.Assar em forno pré-aquecido a 130º", "created_at": "2000-01-01T00:00:00Z", "updated_at": "2000-01-01T00:00:00Z"}},
	{"model": "products.Recipe", "pk": 2, "fields": { "name": "Massa Chocolate - Óleo", "measure_quantity": "4900.000", "measure_unit": "g", "description": "1.Na batedeira, adicionar os ovos, óleo, açúcar e baunilha\r\n 2.Bater por aproximadamente 5min com o globo\r\n 3.Depois de tudo incorporado, acrescentar os secos e o leite em 3\r\n partes e bater na velocidade mínima até incorporar\r\n 4.Porcionar nas formas\r\n 5.Assar a 130°", "created_at": "2000-01-01T00:00:00Z", "updated_at": "2000-01-01T00:00:00Z"}},

	{"model": "products.RecipeIngredient", "pk": 1,  "fields": {"measure_quantity": 750.000,   "recipe": 1, "ingredient": 2,  "measure_unit": "g"}},
	{"model": "products.RecipeIngredient", "pk": 2,  "fields": {"measure_quantity": 0.000,     "recipe": 1, "ingredient": 7,  "measure_unit": "g"}},
	{"model": "products.RecipeIngredient", "pk": 5,  "fields": {"measure_quantity": 770.000,   "recipe": 1, "ingredient": 3,  "measure_unit": "g"}},
	{"model": "products.RecipeIngredient", "pk": 6,  "fields": {"measure_quantity": 1230.000,  "recipe": 1, "ingredient": 4,  "measure_unit": "g"}},
	{"model": "products.RecipeIngredient", "pk": 7,  "fields": {"measure_quantity": 1400.000,  "recipe": 1, "ingredient": 1,  "measure_unit": "g"}},
	{"model": "products.RecipeIngredient", "pk": 8,  "fields": {"measure_quantity": 45.000,    "recipe": 1, "ingredient": 5,  "measure_unit": "g"}},
	{"model": "products.RecipeIngredient", "pk": 9,  "fields": {"measure_quantity": 790.000,   "recipe": 1, "ingredient": 6,  "measure_unit": "g"}},
	{"model": "products.RecipeIngredient", "pk": 10, "fields": {"measure_quantity": 750.000,   "recipe": 2, "ingredient": 2,  "measure_unit": "g"}},
	{"model": "products.RecipeIngredient", "pk": 11, "fields": {"measure_quantity": 0.000,     "recipe": 2, "ingredient": 7,  "measure_unit": "g"}},
	{"model": "products.RecipeIngredient", "pk": 12, "fields": {"measure_quantity": 770.000,   "recipe": 2, "ingredient": 3,  "measure_unit": "g"}},
	{"model": "products.RecipeIngredient", "pk": 13, "fields": {"measure_quantity": 1230.000,  "recipe": 2, "ingredient": 4,  "measure_unit": "g"}},
	{"model": "products.RecipeIngredient", "pk": 14, "fields": {"measure_quantity": 1260.000,  "recipe": 2, "ingredient": 1,  "measure_unit": "g"}},
	{"model": "products.RecipeIngredient", "pk": 15, "fields": {"measure_quantity": 140.000,   "recipe": 2, "ingredient": 8,  "measure_unit": "g"}},
	{"model": "products.RecipeIngredient", "pk": 16, "fields": {"measure_quantity": 45.000,    "recipe": 2, "ingredient": 5,  "measure_unit": "g"}},
	{"model": "products.RecipeIngredient", "pk": 17, "fields": {"measure_quantity": 790.000,   "recipe": 2, "ingredient": 6,  "measure_unit": "g"}},
	{"model": "products.RecipeIngredient", "pk": 18, "fields": {"measure_quantity": 800.000,   "recipe": 3, "ingredient": 4,  "measure_unit": "g"}},
	{"model": "products.RecipeIngredient", "pk": 19, "fields": {"measure_quantity": 400.000,   "recipe": 3, "ingredient": 2,  "measure_unit": "g"}},
	{"model": "products.RecipeIngredient", "pk": 20, "fields": {"measure_quantity": 300.000,   "recipe": 3, "ingredient": 3,  "measure_unit": "g"}},
	{"model": "products.RecipeIngredient", "pk": 21, "fields": {"measure_quantity": 600.000,   "recipe": 3, "ingredient": 9,  "measure_unit": "g"}},
	{"model": "products.RecipeIngredient", "pk": 22, "fields": {"measure_quantity": 660.000,   "recipe": 3, "ingredient": 1,  "measure_unit": "g"}},
	{"model": "products.RecipeIngredient", "pk": 23, "fields": {"measure_quantity": 28.000,    "recipe": 3, "ingredient": 5,  "measure_unit": "g"}},
	{"model": "products.RecipeIngredient", "pk": 24, "fields": {"measure_quantity": 4.000,     "recipe": 3, "ingredient": 10, "measure_unit": "g"}}

]