BEGIN TRANSACTION;
INSERT INTO prd_category VALUES(1,'Bolo','Escolha o tamanho, sabor, decoração e frase — do jeitinho que você quiser!','2000-01-01 00:00:00','2000-01-01 00:00:00');
INSERT INTO prd_category VALUES(2,'Brigadeiro','Brigadeiros vêm em forminha marrom sanfonada nº 5 (peso aprox. 18g).','2000-01-01 00:00:00','2000-01-01 00:00:00');
INSERT INTO man_ingredient VALUES(1,'Farinha de Trigo',NULL,'2000-01-01 00:00:00','2000-01-01 00:00:00');
INSERT INTO man_ingredient VALUES(2,'Ovo',NULL,'2000-01-01 00:00:00','2000-01-01 00:00:00');
INSERT INTO man_ingredient VALUES(3,'Óleo Vegetal',NULL,'2000-01-01 00:00:00','2000-01-01 00:00:00');
INSERT INTO man_ingredient VALUES(4,'Açúcar Refinado',NULL,'2000-01-01 00:00:00','2000-01-01 00:00:00');
INSERT INTO man_ingredient VALUES(5,'Fermento Seco',NULL,'2000-01-01 00:00:00','2000-01-01 00:00:00');
INSERT INTO man_ingredient VALUES(6,'Leite Integral',NULL,'2000-01-01 00:00:00','2000-01-01 00:00:00');
INSERT INTO man_ingredient VALUES(7,'Baunilha',NULL,'2000-01-01 00:00:00','2000-01-01 00:00:00');
INSERT INTO man_ingredient VALUES(8,'Cacau 100%',NULL,'2000-01-01 00:00:00','2000-01-01 00:00:00');
INSERT INTO man_ingredient VALUES(9,'Cenoura','','2000-01-01 00:00:00','2025-06-11 06:03:32.622184');
INSERT INTO man_ingredient VALUES(10,'Sal',NULL,'2000-01-01 00:00:00','2000-01-01 00:00:00');
INSERT INTO man_ingredient VALUES(11,'Leite Condensado','','2025-06-11 05:43:19.112868','2025-06-11 05:43:19.112890');
INSERT INTO man_ingredient VALUES(12,'Creme de Leite','','2025-06-11 05:43:31.478330','2025-06-11 06:03:35.475361');
INSERT INTO man_ingredient VALUES(13,'Morango','','2025-06-11 05:49:49.839220','2025-06-11 05:49:49.839238');
INSERT INTO man_ingredient VALUES(14,'Manteiga','','2025-06-11 05:56:44.043569','2025-06-11 05:56:44.043603');
INSERT INTO man_ingredient VALUES(15,'Clara','','2025-06-13 03:18:53.206812','2025-06-13 03:18:53.206838');
INSERT INTO man_ingredient VALUES(16,'Frutas Vermelhas','','2025-06-14 17:20:00.152668','2025-06-14 17:20:00.152697');
INSERT INTO man_ingredient VALUES(17,'Limão','','2025-06-14 17:20:32.845154','2025-06-14 17:20:32.845176');

INSERT INTO man_production_batch VALUES(1,'2025-06-16');

INSERT INTO man_recipe_category VALUES(1,'Massas','','2025-06-09 22:50:45.640671','2025-06-09 22:50:45.640706');
INSERT INTO man_recipe_category VALUES(2,'Recheios','','2025-06-09 22:50:53.759302','2025-06-09 22:50:53.759327');
INSERT INTO man_recipe_category VALUES(3,'Coberturas','','2025-06-09 22:51:08.895126','2025-06-09 22:51:08.895154');

INSERT INTO prd_flavor VALUES(1,'Dois Amores','Massa de baunilha e massa de chocolate, com brigadeiro de chocolate e brigadeiro branco',true,'2000-01-01 00:00:00','2000-01-01 00:00:00',1);
INSERT INTO prd_flavor VALUES(2,'Chocolatudo','Massa de chocolate com recheio cremoso de brigadeiro de chocolate',true,'2000-01-01 00:00:00','2000-01-01 00:00:00',1);
INSERT INTO prd_flavor VALUES(3,'Doce de Leite','Massa de baunilha com recheio de doce de leite',true,'2000-01-01 00:00:00','2000-01-01 00:00:00',1);
INSERT INTO prd_flavor VALUES(4,'Cenoura','Massa de cenoura com recheio de brigadeiro de chocolate',true,'2000-01-01 00:00:00','2000-01-01 00:00:00',1);
INSERT INTO prd_flavor VALUES(5,'Fragola','Massa de baunilha com brigadeiro branco cremoso e geleia artesanal de morango',true,'2000-01-01 00:00:00','2000-01-01 00:00:00',1);
INSERT INTO prd_flavor VALUES(6,'Brulee','Massa de baunilha com brigadeiro de baunilha e açucar maçaricado e geleia artesanal de morango',true,'2000-01-01 00:00:00','2000-01-01 00:00:00',1);
INSERT INTO prd_flavor VALUES(7,'Passione','Massa de chocolate com brigadeiro de maracujá, feito com a fruta',true,'2000-01-01 00:00:00','2000-01-01 00:00:00',1);
INSERT INTO prd_flavor VALUES(8,'Blue Berry','Massa branca com blue berry e brigadeiro de limão siciliano',true,'2000-01-01 00:00:00','2000-01-01 00:00:00',1);
INSERT INTO prd_flavor VALUES(9,'Nocciola Crunch','Massa de baunilha com brigadeiro branco e nutella crocante',true,'2000-01-01 00:00:00','2000-01-01 00:00:00',1);
INSERT INTO prd_flavor VALUES(10,'Pink Lemonade','Massa branca com brigadeiro de limão siciliano e geleia de frutas vermelhas',true,'2000-01-01 00:00:00','2000-01-01 00:00:00',1);
INSERT INTO prd_flavor VALUES(11,'Pistacchio','Massa branca com brigadeiro de pistache e geleia de frutas vermelhas',true,'2000-01-01 00:00:00','2000-01-01 00:00:00',1);
INSERT INTO prd_flavor VALUES(12,'Ninho',NULL,true,'2000-01-01 00:00:00','2000-01-01 00:00:00',2);
INSERT INTO prd_flavor VALUES(13,'Coco',NULL,true,'2000-01-01 00:00:00','2000-01-01 00:00:00',2);
INSERT INTO prd_flavor VALUES(14,'Churros',NULL,true,'2000-01-01 00:00:00','2000-01-01 00:00:00',2);
INSERT INTO prd_flavor VALUES(15,'Brulêe',NULL,true,'2000-01-01 00:00:00','2000-01-01 00:00:00',2);
INSERT INTO prd_flavor VALUES(16,'Ninho com Nutella',NULL,true,'2000-01-01 00:00:00','2000-01-01 00:00:00',2);
INSERT INTO prd_flavor VALUES(17,'Chocolate',NULL,true,'2000-01-01 00:00:00','2000-01-01 00:00:00',2);
INSERT INTO prd_flavor VALUES(18,'Caramelo Salgado','',true,'2000-01-01 00:00:00','2025-06-10 03:11:23.515746',2);
INSERT INTO prd_flavor VALUES(19,'Pistache',NULL,true,'2000-01-01 00:00:00','2000-01-01 00:00:00',2);

INSERT INTO prd_product VALUES(1,'Mini redondo','fatias: 4, diâmetro: 10cm, Peso aproximado: 500g','2000-01-01 00:00:00','2000-01-01 00:00:00',1,1,true,1);
INSERT INTO prd_product VALUES(2,'PP redondo','fatias: 8, diâmetro: 12cm, peso aproximado: 900g','2000-01-01 00:00:00','2000-01-01 00:00:00',1,1,true,1);
INSERT INTO prd_product VALUES(3,'P redondo','fatias: 15, diâmetro: 15cm, peso aproximado: 1,5kg','2000-01-01 00:00:00','2000-01-01 00:00:00',1,1,true,1);
INSERT INTO prd_product VALUES(4,'M redondo','fatias: 20, diâmetro: 17cm, peso aproximado: 2kg','2000-01-01 00:00:00','2025-06-10 20:53:57.361277',1,1,true,1);
INSERT INTO prd_product VALUES(5,'Caixa com 6 brigadeiros','Pode escolher até 1 sabor','2000-01-01 00:00:00','2025-06-10 20:57:04.110756',6,1,true,2);
INSERT INTO prd_product VALUES(6,'Caixa com 12 brigadeiros','Pode escolher até 2 sabores','2000-01-01 00:00:00','2000-01-01 00:00:00',1,1,true,2);
INSERT INTO prd_product VALUES(7,'Caixa com 25 brigadeiros','Pode escolher até 3 sabores','2000-01-01 00:00:00','2000-01-01 00:00:00',1,1,true,2);
INSERT INTO prd_product VALUES(8,'Caixa com 50 brigadeiros','Pode escolher até 4 sabores','2000-01-01 00:00:00','2025-06-10 20:57:46.388489',50,1,true,2);
INSERT INTO prd_product VALUES(9,'Bento Cake','','2025-06-15 04:48:11.600151','2025-06-15 04:48:11.600176',1,1,true,1);
INSERT INTO prd_product VALUES(10,'PP Coração','','2025-06-15 04:57:17.156676','2025-06-15 04:57:17.156715',1,1,true,1);
INSERT INTO prd_product VALUES(11,'M Coração','','2025-06-15 19:13:12.792559','2025-06-15 19:13:12.792639',1,1,true,1);
INSERT INTO prd_product VALUES(12,'G redondo','','2025-06-16 04:39:57.549959','2025-06-16 04:39:57.549979',1,1,true,1);
INSERT INTO prd_product VALUES(13,'P coração','','2025-06-16 04:40:48.245999','2025-06-16 04:40:48.246022',1,1,true,1);
INSERT INTO prd_product VALUES(14,'G coração','','2025-06-16 04:41:14.977467','2025-06-16 04:41:14.977492',1,1,true,1);

INSERT INTO prd_product_flavors VALUES(1,1,2);
INSERT INTO prd_product_flavors VALUES(2,1,4);
INSERT INTO prd_product_flavors VALUES(3,1,5);
INSERT INTO prd_product_flavors VALUES(4,2,1);
INSERT INTO prd_product_flavors VALUES(5,2,2);
INSERT INTO prd_product_flavors VALUES(6,2,3);
INSERT INTO prd_product_flavors VALUES(7,2,4);
INSERT INTO prd_product_flavors VALUES(8,2,5);
INSERT INTO prd_product_flavors VALUES(9,2,6);
INSERT INTO prd_product_flavors VALUES(10,2,7);
INSERT INTO prd_product_flavors VALUES(11,2,8);
INSERT INTO prd_product_flavors VALUES(12,2,9);
INSERT INTO prd_product_flavors VALUES(13,2,10);
INSERT INTO prd_product_flavors VALUES(14,2,11);
INSERT INTO prd_product_flavors VALUES(15,3,1);
INSERT INTO prd_product_flavors VALUES(16,3,2);
INSERT INTO prd_product_flavors VALUES(17,3,3);
INSERT INTO prd_product_flavors VALUES(18,3,4);
INSERT INTO prd_product_flavors VALUES(19,3,5);
INSERT INTO prd_product_flavors VALUES(20,3,6);
INSERT INTO prd_product_flavors VALUES(21,3,7);
INSERT INTO prd_product_flavors VALUES(22,3,8);
INSERT INTO prd_product_flavors VALUES(23,3,9);
INSERT INTO prd_product_flavors VALUES(24,3,10);
INSERT INTO prd_product_flavors VALUES(25,3,11);
INSERT INTO prd_product_flavors VALUES(26,4,1);
INSERT INTO prd_product_flavors VALUES(27,4,2);
INSERT INTO prd_product_flavors VALUES(28,4,3);
INSERT INTO prd_product_flavors VALUES(29,4,4);
INSERT INTO prd_product_flavors VALUES(30,4,5);
INSERT INTO prd_product_flavors VALUES(31,4,6);
INSERT INTO prd_product_flavors VALUES(32,4,7);
INSERT INTO prd_product_flavors VALUES(33,4,8);
INSERT INTO prd_product_flavors VALUES(34,4,9);
INSERT INTO prd_product_flavors VALUES(35,4,10);
INSERT INTO prd_product_flavors VALUES(36,4,11);
INSERT INTO prd_product_flavors VALUES(52,6,16);
INSERT INTO prd_product_flavors VALUES(53,6,17);
INSERT INTO prd_product_flavors VALUES(54,6,12);
INSERT INTO prd_product_flavors VALUES(55,6,13);
INSERT INTO prd_product_flavors VALUES(56,7,12);
INSERT INTO prd_product_flavors VALUES(57,7,13);
INSERT INTO prd_product_flavors VALUES(58,7,14);
INSERT INTO prd_product_flavors VALUES(59,7,15);
INSERT INTO prd_product_flavors VALUES(60,7,16);
INSERT INTO prd_product_flavors VALUES(61,7,17);
INSERT INTO prd_product_flavors VALUES(62,7,18);
INSERT INTO prd_product_flavors VALUES(63,7,19);
INSERT INTO prd_product_flavors VALUES(64,8,12);
INSERT INTO prd_product_flavors VALUES(65,8,13);
INSERT INTO prd_product_flavors VALUES(66,8,14);
INSERT INTO prd_product_flavors VALUES(67,8,15);
INSERT INTO prd_product_flavors VALUES(68,8,16);
INSERT INTO prd_product_flavors VALUES(69,8,17);
INSERT INTO prd_product_flavors VALUES(70,8,18);
INSERT INTO prd_product_flavors VALUES(71,8,19);
INSERT INTO prd_product_flavors VALUES(83,5,16);
INSERT INTO prd_product_flavors VALUES(84,5,17);
INSERT INTO prd_product_flavors VALUES(85,5,12);
INSERT INTO prd_product_flavors VALUES(86,5,13);


INSERT INTO eqp_baking_pan VALUES(1,'Coração P','','','2025-06-10 00:41:26.219912','2025-06-10 00:41:26.219932');
INSERT INTO eqp_baking_pan VALUES(2,'Redonda P','','','2025-06-10 00:43:19.050147','2025-06-10 00:43:19.050189');
INSERT INTO eqp_baking_pan VALUES(3,'Coração M','','','2025-06-10 00:43:34.577689','2025-06-10 00:43:34.577734');
INSERT INTO eqp_baking_pan VALUES(4,'Coração G','','','2025-06-10 00:43:44.602251','2025-06-10 00:43:44.602273');
INSERT INTO eqp_baking_pan VALUES(5,'Redonda M','','','2025-06-10 00:43:58.764291','2025-06-10 00:43:58.764329');
INSERT INTO eqp_baking_pan VALUES(6,'Redonda G','','','2025-06-10 00:44:06.241693','2025-06-10 00:44:06.241711');
INSERT INTO eqp_baking_pan VALUES(7,'Redonda Mini','','','2025-06-10 00:59:10.707410','2025-06-10 00:59:10.707441');
INSERT INTO eqp_baking_pan VALUES(8,'Redonda PP','','','2025-06-10 00:59:35.016724','2025-06-10 00:59:35.016753');
INSERT INTO eqp_baking_pan VALUES(9,'Redondo Bento','','','2025-06-15 23:22:27.277977','2025-06-15 23:22:27.277994');

INSERT INTO man_product_data_sheet VALUES(2,NULL,'2025-06-09 23:31:27.468401','2025-06-16 04:24:39.356689',2,2);
INSERT INTO man_product_data_sheet VALUES(3,NULL,'2025-06-11 00:24:36.133056','2025-06-17 04:30:03.742893',10,3);
INSERT INTO man_product_data_sheet VALUES(4,NULL,'2025-06-11 07:42:35.888884','2025-06-14 17:36:01.366081',19,5);
INSERT INTO man_product_data_sheet VALUES(5,NULL,'2025-06-11 07:45:18.559200','2025-06-14 17:34:14.606827',13,8);
INSERT INTO man_product_data_sheet VALUES(6,NULL,'2025-06-11 07:46:42.547165','2025-06-14 17:34:54.738485',16,8);
INSERT INTO man_product_data_sheet VALUES(7,NULL,'2025-06-12 00:48:56.307206','2025-06-13 03:26:52.318539',5,4);
INSERT INTO man_product_data_sheet VALUES(8,NULL,'2025-06-15 23:15:21.440039','2025-06-16 04:28:24.833183',4,10);
INSERT INTO man_product_data_sheet VALUES(9,NULL,'2025-06-15 23:23:16.713819','2025-06-16 04:26:00.426749',4,9);
INSERT INTO man_product_data_sheet VALUES(10,NULL,'2025-06-15 23:25:33.041261','2025-06-16 04:18:16.280176',8,4);
INSERT INTO man_product_data_sheet VALUES(11,NULL,'2025-06-15 23:36:21.575097','2025-06-16 04:17:20.290112',6,11);
INSERT INTO man_product_data_sheet VALUES(12,NULL,'2025-06-15 23:39:36.683671','2025-06-16 04:19:37.951574',6,3);
INSERT INTO man_product_data_sheet VALUES(13,NULL,'2025-06-15 23:43:41.199645','2025-06-16 04:20:49.173624',1,3);
INSERT INTO man_product_data_sheet VALUES(14,NULL,'2025-06-16 04:43:45.958569','2025-06-16 04:43:45.958588',2,14);
INSERT INTO man_product_data_sheet VALUES(15,NULL,'2025-06-17 03:46:05.188748','2025-06-17 03:46:05.188766',1,2);
INSERT INTO man_product_data_sheet VALUES(16,NULL,'2025-06-17 03:48:08.751473','2025-06-17 03:48:08.751490',2,1);
INSERT INTO man_product_data_sheet VALUES(17,NULL,'2025-06-17 03:49:36.849514','2025-06-17 03:49:36.849533',5,9);
INSERT INTO man_product_data_sheet VALUES(18,NULL,'2025-06-17 03:51:48.431952','2025-06-17 03:51:48.431976',1,13);
INSERT INTO man_product_data_sheet VALUES(19,NULL,'2025-06-17 03:53:34.314794','2025-06-17 03:53:34.314817',1,4);
INSERT INTO man_product_data_sheet VALUES(20,NULL,'2025-06-17 03:53:54.946742','2025-06-17 04:28:04.606132',5,1);
INSERT INTO man_product_data_sheet VALUES(21,NULL,'2025-06-17 03:57:30.930666','2025-06-17 03:57:30.930687',2,9);
INSERT INTO man_product_data_sheet VALUES(22,NULL,'2025-06-17 16:11:48.637655','2025-06-17 16:11:48.637673',4,1);
INSERT INTO man_product_data_sheet VALUES(23,NULL,'2025-06-17 16:13:54.773273','2025-06-17 16:13:54.773323',5,3);

INSERT INTO orders_externalproduct VALUES(65,'Coquette Cake Minimalista  - Coração','2025-06-15 18:39:16.697430','2025-06-15 19:13:57.178945',11,NULL,'Escolha o tamanho do seu bolo | Cokette Cake Coração Minimal','M - 18 a 20 fatias');
INSERT INTO orders_externalproduct VALUES(66,'Coquette Cake Minimalista  - Coração','2025-06-15 18:39:16.709036','2025-06-15 19:00:46.976756',NULL,NULL,'Escolha a cobertura','Cobertura Merengue Buttercream Natural');
INSERT INTO orders_externalproduct VALUES(67,'Coquette Cake Minimalista  - Coração','2025-06-15 18:39:16.716522','2025-06-15 19:00:56.865529',NULL,NULL,'Escolha a cor do laço de cetim','Laço Preto');
INSERT INTO orders_externalproduct VALUES(68,'Coquette Cake Minimalista  - Coração','2025-06-15 18:39:16.724181','2025-06-15 19:13:31.387222',NULL,6,'Escolha o sabor','BRULEE - massa de baunilha com brigadeiro de baunilha e açucar maçaricado e geleia artesanal de morango');
INSERT INTO orders_externalproduct VALUES(69,'Coquette Cake Minimalista  - Coração','2025-06-15 18:39:16.731798','2025-06-15 19:00:00.577879',NULL,NULL,'Blindagem com chocolate','Não quero blindar meu bolo');
INSERT INTO orders_externalproduct VALUES(70,'Coquette Cake Minimalista  - Coração','2025-06-15 18:39:16.739915','2025-06-15 18:40:25.458652',NULL,NULL,'📍RETIRADAS (não fazemos entregas)','🚗 Vou buscar pessoalmente');
INSERT INTO orders_externalproduct VALUES(71,'Coquette Cake Minimalista  - Coração','2025-06-15 18:39:16.747677','2025-06-15 18:54:19.288963',NULL,NULL,'⚠️ LEIA COM ATENÇÃO ⚠️','ESTOU DE ACORDO');
INSERT INTO orders_externalproduct VALUES(72,'Coquette Cake Minimalista  - Coração','2025-06-15 18:39:16.754219','2025-06-15 18:54:15.718078',NULL,NULL,'⚠️ LEIA COM ATENÇÃO ⚠️','SOU RESPONSÁVEL PELA RETIRADA DO BOLO');
INSERT INTO orders_externalproduct VALUES(73,'Coquette Cake Minimalista  - Coração','2025-06-15 18:39:16.760720','2025-06-15 18:54:11.716522',NULL,NULL,'⚠️ LEIA COM ATENÇÃO ⚠️','LI E ACEITO A POLÍTICA DE CANCELAMENTO');
INSERT INTO orders_externalproduct VALUES(74,'Bolo P redondo | 15 fatias','2025-06-15 18:39:16.766837','2025-06-15 18:59:43.077372',3,1,'Escolha o sabor- P redondo','DOIS AMORES - Massa de baunilha e massa de chocolate, com brigadeiro de chocolate e brigadeiro branco');
INSERT INTO orders_externalproduct VALUES(75,'Bolo P redondo | 15 fatias','2025-06-15 18:39:16.772386','2025-06-15 19:00:36.160590',NULL,NULL,'Escolha a cobertura','Cobertura Merengue Buttercream Natural');
INSERT INTO orders_externalproduct VALUES(76,'Bolo P redondo | 15 fatias','2025-06-15 18:39:16.778283','2025-06-15 18:56:47.088347',NULL,NULL,'Hora de decorar - P','Frase a mão livre');
INSERT INTO orders_externalproduct VALUES(77,'Bolo P redondo | 15 fatias','2025-06-15 18:39:16.784878','2025-06-15 18:56:37.930403',NULL,NULL,'Hora de decorar - P','Vintage Maximalista');
INSERT INTO orders_externalproduct VALUES(78,'Bolo P redondo | 15 fatias','2025-06-15 18:39:16.791442','2025-06-15 18:53:12.587792',NULL,NULL,'📍RETIRADAS (não fazemos entregas)','🚗 Vou buscar pessoalmente');
INSERT INTO orders_externalproduct VALUES(79,'Bolo P redondo | 15 fatias','2025-06-15 18:39:16.797585','2025-06-15 18:53:05.668070',NULL,NULL,'⚠️ LEIA COM ATENÇÃO ⚠️','ESTOU DE ACORDO');
INSERT INTO orders_externalproduct VALUES(80,'Bolo P redondo | 15 fatias','2025-06-15 18:39:16.804605','2025-06-15 18:53:00.895909',NULL,NULL,'⚠️ LEIA COM ATENÇÃO ⚠️','SOU RESPONSÁVEL PELA RETIRADA DO BOLO');
INSERT INTO orders_externalproduct VALUES(81,'Bolo P redondo | 15 fatias','2025-06-15 18:39:16.810676','2025-06-15 18:51:46.850206',NULL,NULL,'⚠️ LEIA COM ATENÇÃO ⚠️','LI E ACEITO A POLÍTICA DE CANCELAMENTO');
INSERT INTO orders_externalproduct VALUES(82,'Bolo P redondo | 15 fatias','2025-06-15 18:39:16.816797','2025-06-15 18:51:54.498357',NULL,NULL,'⚠️ LEIA COM ATENÇÃO ⚠️','Preciso enviar a foto de referência da decoração para o whatsapp da loja e descrever ela nas observações abaixo');
INSERT INTO orders_externalproduct VALUES(83,'Bentô Cake | 2 fatias','2025-06-15 18:39:16.822972','2025-06-15 19:00:25.720542',NULL,NULL,'Escolha a cobertura','Cobertura Merengue Buttercream Natural');
INSERT INTO orders_externalproduct VALUES(85,'Bentô Cake | 2 fatias','2025-06-15 18:39:16.835918','2025-06-15 18:47:09.367056',NULL,NULL,'Hora de decorar seu Bentô Cake','Frase a mão livre');
INSERT INTO orders_externalproduct VALUES(86,'Bentô Cake | 2 fatias','2025-06-15 18:39:16.842236','2025-06-15 18:55:47.435683',NULL,NULL,'Hora de decorar seu Bentô Cake','Flork + escrita');
INSERT INTO orders_externalproduct VALUES(87,'Bentô Cake | 2 fatias','2025-06-15 18:39:16.848593','2025-06-15 18:47:36.340726',NULL,NULL,'Hora de decorar seu Bentô Cake','Coração com ou sem frase');
INSERT INTO orders_externalproduct VALUES(88,'Bentô Cake | 2 fatias','2025-06-15 18:39:16.855698','2025-06-15 18:46:48.348094',NULL,NULL,'Escolha como quer embalar seu bentô cake','Marmitinha Biodegradável');
INSERT INTO orders_externalproduct VALUES(89,'Bentô Cake | 2 fatias','2025-06-15 18:39:16.861893','2025-06-15 18:39:33.230182',NULL,NULL,'📍RETIRADAS (não fazemos entregas)','🚕 Retirada via aplicativos CARRO');
INSERT INTO orders_externalproduct VALUES(90,'Bentô Cake | 2 fatias','2025-06-15 18:39:16.868638','2025-06-15 18:46:13.783232',NULL,NULL,'⚠️ LEIA COM ATENÇÃO ⚠️','ESTOU DE ACORDO');
INSERT INTO orders_externalproduct VALUES(91,'Bentô Cake | 2 fatias','2025-06-15 18:39:16.876494','2025-06-15 18:46:08.284999',NULL,NULL,'⚠️ LEIA COM ATENÇÃO ⚠️','SOU RESPONSÁVEL PELA RETIRADA DO BOLO');
INSERT INTO orders_externalproduct VALUES(92,'Bentô Cake | 2 fatias','2025-06-15 18:39:16.882924','2025-06-15 18:46:04.557977',NULL,NULL,'⚠️ LEIA COM ATENÇÃO ⚠️','LI E ACEITO A POLÍTICA DE CANCELAMENTO');
INSERT INTO orders_externalproduct VALUES(93,'Bentô Cake | 2 fatias','2025-06-15 18:39:16.889063','2025-06-15 18:44:22.853747',NULL,NULL,'⚠️ LEIA COM ATENÇÃO ⚠️','Preciso enviar a foto de referência da decoração para o whatsapp da loja e descrever ela nas observações abaixo');
INSERT INTO orders_externalproduct VALUES(94,'Bolo P redondo | 15 fatias','2025-06-15 18:39:16.895044','2025-06-15 18:59:24.921019',3,6,'Escolha o sabor- P redondo','BRULEE - massa de baunilha com brigadeiro de baunilha e açucar maçaricado e geleia artesanal de morango');
INSERT INTO orders_externalproduct VALUES(95,'Bolo P redondo | 15 fatias','2025-06-15 18:39:16.901831','2025-06-15 18:56:32.353183',NULL,NULL,'Hora de decorar - P','Escrita desenhada (cópia de logotipo ou fonte de desenho) (no topo)');
INSERT INTO orders_externalproduct VALUES(96,'Bolo P redondo | 15 fatias','2025-06-15 18:39:16.908056','2025-06-15 18:55:59.491347',NULL,NULL,'Hora de decorar - P','Bordinha');
INSERT INTO orders_externalproduct VALUES(97,'Bolo P redondo | 15 fatias','2025-06-15 18:39:16.913934','2025-06-15 18:50:26.507831',NULL,NULL,'Extras de decoração','Laços de Cetim 🎀');
INSERT INTO orders_externalproduct VALUES(98,'Bolo PP coração | 8 fatias','2025-06-15 18:39:16.924020','2025-06-15 19:08:24.187165',10,4,'Escolha o sabor  - PP Coração','CENOURA - Massa de Cenoura, recheado com brigadeiro de chocolate');
INSERT INTO orders_externalproduct VALUES(99,'Bolo PP coração | 8 fatias','2025-06-15 18:39:16.930510','2025-06-15 19:00:40.650639',NULL,NULL,'Escolha a cobertura','Cobertura Merengue Buttercream Colorida');
INSERT INTO orders_externalproduct VALUES(100,'Bolo PP coração | 8 fatias','2025-06-15 18:39:16.937254','2025-06-15 18:57:01.183082',NULL,NULL,'Hora de decorar - PP','Frase a mão livre');
INSERT INTO orders_externalproduct VALUES(101,'Bolo PP coração | 8 fatias','2025-06-15 18:39:16.943571','2025-06-15 18:56:56.267608',NULL,NULL,'Hora de decorar - PP','Bordinha');
INSERT INTO orders_externalproduct VALUES(102,'Bolo PP coração | 8 fatias','2025-06-15 18:39:16.949588','2025-06-15 18:56:09.109144',NULL,NULL,'Extras de decoração','Laços de Cetim 🎀');
INSERT INTO orders_externalproduct VALUES(103,'Bolo PP coração | 8 fatias','2025-06-15 18:39:16.956295','2025-06-15 18:52:47.960524',NULL,NULL,'📍RETIRADAS (não fazemos entregas)','🚗 Vou buscar pessoalmente');
INSERT INTO orders_externalproduct VALUES(104,'Bolo PP coração | 8 fatias','2025-06-15 18:39:16.962858','2025-06-15 18:54:07.793221',NULL,NULL,'⚠️ LEIA COM ATENÇÃO ⚠️','ESTOU DE ACORDO');
INSERT INTO orders_externalproduct VALUES(105,'Bolo PP coração | 8 fatias','2025-06-15 18:39:16.969142','2025-06-15 18:54:03.254686',NULL,NULL,'⚠️ LEIA COM ATENÇÃO ⚠️','SOU RESPONSÁVEL PELA RETIRADA DO BOLO');
INSERT INTO orders_externalproduct VALUES(106,'Bolo PP coração | 8 fatias','2025-06-15 18:39:16.975155','2025-06-15 18:53:54.474405',NULL,NULL,'⚠️ LEIA COM ATENÇÃO ⚠️','LI E ACEITO A POLÍTICA DE CANCELAMENTO');
INSERT INTO orders_externalproduct VALUES(107,'Bolo M redondo | 20 fatias','2025-06-15 18:39:16.981011','2025-06-15 18:58:16.996247',4,8,'Escolha o sabor - M redondo','BLUE BERRY - massa branca com blue berry e brigadeiro de limão siciliano');
INSERT INTO orders_externalproduct VALUES(108,'Bolo M redondo | 20 fatias','2025-06-15 18:39:16.987814','2025-06-15 19:00:30.428947',NULL,NULL,'Escolha a cobertura','Cobertura Merengue Buttercream Colorida');
INSERT INTO orders_externalproduct VALUES(109,'Bolo M redondo | 20 fatias','2025-06-15 18:39:16.994994','2025-06-15 18:56:24.128861',NULL,NULL,'Hora de decorar - M','Escrita desenhada (cópia de logotipo ou fonte de desenho) (no topo)');
INSERT INTO orders_externalproduct VALUES(110,'Bolo M redondo | 20 fatias','2025-06-15 18:39:17.001648','2025-06-15 18:48:06.999640',NULL,NULL,'📍RETIRADAS (não fazemos entregas)','🚗 Vou buscar pessoalmente');
INSERT INTO orders_externalproduct VALUES(111,'Bolo M redondo | 20 fatias','2025-06-15 18:39:17.008649','2025-06-15 18:52:55.659183',NULL,NULL,'⚠️ LEIA COM ATENÇÃO ⚠️','ESTOU DE ACORDO');
INSERT INTO orders_externalproduct VALUES(112,'Bolo M redondo | 20 fatias','2025-06-15 18:39:17.014400','2025-06-15 18:40:17.521231',NULL,NULL,'⚠️ LEIA COM ATENÇÃO ⚠️','SOU RESPONSÁVEL PELA RETIRADA DO BOLO');
INSERT INTO orders_externalproduct VALUES(113,'Bolo M redondo | 20 fatias','2025-06-15 18:39:17.020868','2025-06-15 18:40:10.246989',NULL,NULL,'⚠️ LEIA COM ATENÇÃO ⚠️','LI E ACEITO A POLÍTICA DE CANCELAMENTO');
INSERT INTO orders_externalproduct VALUES(116,'Bentô Cake | 2 fatias','2025-06-17 01:46:32.114665','2025-06-17 01:46:55.952458',9,4,'Sabor Bentô Cake','Cenoura: Massa de Cenoura com recheio de brigadeiro de chocolate');
INSERT INTO orders_externalproduct VALUES(117,'Bolo PP com topo | 8 fatias','2025-06-17 03:19:14.422402','2025-06-17 03:20:14.421783',2,1,'Escolha o sabor - PP topo','DOIS AMORES - Massa de baunilha e massa de chocolate, com brigadeiro de chocolate e brigadeiro branco');
INSERT INTO orders_externalproduct VALUES(118,'Bolo PP com topo | 8 fatias','2025-06-17 03:19:14.432952','2025-06-17 03:19:14.432974',NULL,NULL,'Escolha a cobertura','Cobertura Merengue Buttercream Natural');
INSERT INTO orders_externalproduct VALUES(119,'Bolo PP com topo | 8 fatias','2025-06-17 03:19:14.440435','2025-06-17 03:19:14.440457',NULL,NULL,'Adicional decoração PP','Não quero nenhum adicional na decoração');
INSERT INTO orders_externalproduct VALUES(120,'Bolo PP com topo | 8 fatias','2025-06-17 03:19:14.447948','2025-06-17 03:19:14.447970',NULL,NULL,'📍RETIRADAS (não fazemos entregas)','🚗 Vou buscar pessoalmente');
INSERT INTO orders_externalproduct VALUES(121,'Bolo PP com topo | 8 fatias','2025-06-17 03:19:14.454534','2025-06-17 03:19:14.454553',NULL,NULL,'📍RETIRADAS (não fazemos entregas)','ESTOU CIENTE');
INSERT INTO orders_externalproduct VALUES(122,'Bolo PP com topo | 8 fatias','2025-06-17 03:19:14.461535','2025-06-17 03:19:14.461555',NULL,NULL,'📍RETIRADAS (não fazemos entregas)','LI E ACEITO A POLÍTICA DE CANCELAMENTO');
INSERT INTO orders_externalproduct VALUES(123,'Bolo PP com topo | 8 fatias','2025-06-17 03:19:14.468830','2025-06-17 03:19:14.468850',NULL,NULL,'📍RETIRADAS (não fazemos entregas)','ESTOU DE ACORDO');
INSERT INTO orders_externalproduct VALUES(124,'Bolo PP com topo | 8 fatias','2025-06-17 03:19:14.476458','2025-06-17 03:19:14.476478',NULL,NULL,'📍RETIRADAS (não fazemos entregas)','SOU RESPONSÁVEL PELA RETIRADA DO BOLO');
INSERT INTO orders_externalproduct VALUES(125,'Ombré Cake','2025-06-17 03:19:14.483326','2025-06-17 03:19:14.483355',NULL,NULL,'Escolha o tamanho do seu bolo |  Ombré Cake','P - 12 a 15 fatias');
INSERT INTO orders_externalproduct VALUES(126,'Ombré Cake','2025-06-17 03:19:14.489759','2025-06-17 03:21:05.541519',3,1,'Escolha o sabor','DOIS AMORES - Massa de baunilha e massa de chocolate, com brigadeiro de chocolate e brigadeiro branco');
INSERT INTO orders_externalproduct VALUES(127,'Ombré Cake','2025-06-17 03:19:14.497085','2025-06-17 03:19:14.497111',NULL,NULL,'Blindagem com chocolate','Não quero blindar meu bolo');
INSERT INTO orders_externalproduct VALUES(128,'Ombré Cake','2025-06-17 03:19:14.503765','2025-06-17 03:19:14.503782',NULL,NULL,'📍RETIRADAS (não fazemos entregas)','🚕 Retirada via aplicativos CARRO');
INSERT INTO orders_externalproduct VALUES(129,'Ombré Cake','2025-06-17 03:19:14.509977','2025-06-17 03:19:14.509994',NULL,NULL,'⚠️ LEIA COM ATENÇÃO ⚠️','ESTOU DE ACORDO');
INSERT INTO orders_externalproduct VALUES(130,'Ombré Cake','2025-06-17 03:19:14.516466','2025-06-17 03:19:14.516483',NULL,NULL,'⚠️ LEIA COM ATENÇÃO ⚠️','SOU RESPONSÁVEL PELA RETIRADA DO BOLO');
INSERT INTO orders_externalproduct VALUES(131,'Ombré Cake','2025-06-17 03:19:14.522719','2025-06-17 03:19:14.522735',NULL,NULL,'⚠️ LEIA COM ATENÇÃO ⚠️','LI E ACEITO A POLÍTICA DE CANCELAMENTO');
INSERT INTO orders_externalproduct VALUES(132,'Bolo P coração |  15 fatias','2025-06-17 03:19:14.529165','2025-06-17 03:21:36.871633',13,1,'ESCOLHA O SABOR - P coração','DOIS AMORES - Massa de baunilha e massa de chocolate, com brigadeiro de chocolate e brigadeiro branco');
INSERT INTO orders_externalproduct VALUES(133,'Bolo P coração |  15 fatias','2025-06-17 03:19:14.536980','2025-06-17 03:19:14.537008',NULL,NULL,'Escolha a cobertura','Cobertura Merengue Buttercream Colorida');
INSERT INTO orders_externalproduct VALUES(134,'Bolo P coração |  15 fatias','2025-06-17 03:19:14.543432','2025-06-17 03:19:14.543448',NULL,NULL,'Hora de decorar - P','Frase a mão livre');
INSERT INTO orders_externalproduct VALUES(135,'Bolo P coração |  15 fatias','2025-06-17 03:19:14.550129','2025-06-17 03:19:14.550157',NULL,NULL,'Hora de decorar - P','Bordinha');
INSERT INTO orders_externalproduct VALUES(136,'Bolo P coração |  15 fatias','2025-06-17 03:19:14.556771','2025-06-17 03:19:14.556788',NULL,NULL,'📍RETIRADAS (não fazemos entregas)','🚕 Retirada via aplicativos CARRO');
INSERT INTO orders_externalproduct VALUES(137,'Bolo P coração |  15 fatias','2025-06-17 03:19:14.563622','2025-06-17 03:19:14.563656',NULL,NULL,'⚠️ LEIA COM ATENÇÃO ⚠️','ESTOU DE ACORDO');
INSERT INTO orders_externalproduct VALUES(138,'Bolo P coração |  15 fatias','2025-06-17 03:19:14.570727','2025-06-17 03:19:14.570750',NULL,NULL,'⚠️ LEIA COM ATENÇÃO ⚠️','SOU RESPONSÁVEL PELA RETIRADA DO BOLO');
INSERT INTO orders_externalproduct VALUES(139,'Bolo P coração |  15 fatias','2025-06-17 03:19:14.577151','2025-06-17 03:19:14.577174',NULL,NULL,'⚠️ LEIA COM ATENÇÃO ⚠️','LI E ACEITO A POLÍTICA DE CANCELAMENTO');
INSERT INTO orders_externalproduct VALUES(140,'Bolo M redondo | 20 fatias','2025-06-17 03:19:14.583871','2025-06-17 03:22:48.601240',4,1,'Escolha o sabor - M redondo','DOIS AMORES - Massa de baunilha e massa de chocolate, com brigadeiro de chocolate e brigadeiro branco');
INSERT INTO orders_externalproduct VALUES(141,'Bolo M redondo | 20 fatias','2025-06-17 03:19:14.590895','2025-06-17 03:19:14.590912',NULL,NULL,'Hora de decorar - M','Frase a mão livre');
INSERT INTO orders_externalproduct VALUES(142,'Bolo M redondo | 20 fatias','2025-06-17 03:19:14.597561','2025-06-17 03:19:14.597578',NULL,NULL,'Hora de decorar - M','Vintage Minimalista');
INSERT INTO orders_externalproduct VALUES(143,'Bentô Cake | 2 fatias','2025-06-17 03:19:14.608136','2025-06-17 03:23:41.556757',9,2,'Sabor Bentô Cake','CHOCOLATUDO: Massa chocolate com recheio de brigadeiro de chocolate');
INSERT INTO orders_externalproduct VALUES(144,'Bentô Cake | 2 fatias','2025-06-17 03:19:14.614723','2025-06-17 03:19:14.614740',NULL,NULL,'Hora de decorar seu Bentô Cake','1 personagem/desenho com ou sem escrita');
INSERT INTO orders_externalproduct VALUES(145,'Bentô Cake | 2 fatias','2025-06-17 03:19:14.621771','2025-06-17 03:19:14.621788',NULL,NULL,'📍RETIRADAS (não fazemos entregas)','🚗 Vou buscar pessoalmente');
INSERT INTO orders_externalproduct VALUES(146,'Bentô Cake | 2 fatias','2025-06-17 03:19:14.631491','2025-06-17 03:24:11.422114',9,5,'Sabor Bentô Cake','FRAGOLA: Massa de baunilha,  com recheio de brigadeiro branco e geleia de morango');
INSERT INTO orders_externalproduct VALUES(147,'Mini Cake com topo | 4 fatias','2025-06-17 03:19:14.642344','2025-06-17 03:19:14.642361',NULL,NULL,'Escolha a cobertura','Cobertura Merengue Buttercream Natural');
INSERT INTO orders_externalproduct VALUES(148,'Mini Cake com topo | 4 fatias','2025-06-17 03:19:14.648774','2025-06-17 03:19:14.648791',NULL,NULL,'Adicional decoração mini cake','Não quero nenhum adicional na decoração');
INSERT INTO orders_externalproduct VALUES(149,'Mini Cake com topo | 4 fatias','2025-06-17 03:19:14.654939','2025-06-17 03:19:14.654978',NULL,NULL,'📍RETIRADAS (não fazemos entregas)','🚗 Vou buscar pessoalmente');
INSERT INTO orders_externalproduct VALUES(150,'Mini Cake com topo | 4 fatias','2025-06-17 03:19:14.661561','2025-06-17 03:19:14.661578',NULL,NULL,'📍RETIRADAS (não fazemos entregas)','ESTOU CIENTE');
INSERT INTO orders_externalproduct VALUES(151,'Mini Cake com topo | 4 fatias','2025-06-17 03:19:14.667957','2025-06-17 03:19:14.667973',NULL,NULL,'📍RETIRADAS (não fazemos entregas)','LI E ACEITO A POLÍTICA DE CANCELAMENTO');
INSERT INTO orders_externalproduct VALUES(152,'Mini Cake com topo | 4 fatias','2025-06-17 03:19:14.674068','2025-06-17 03:19:14.674085',NULL,NULL,'📍RETIRADAS (não fazemos entregas)','ESTOU DE ACORDO');
INSERT INTO orders_externalproduct VALUES(153,'Mini Cake com topo | 4 fatias','2025-06-17 03:19:14.680085','2025-06-17 03:19:14.680101',NULL,NULL,'📍RETIRADAS (não fazemos entregas)','SOU RESPONSÁVEL PELA RETIRADA DO BOLO');
INSERT INTO orders_externalproduct VALUES(154,'Mini Cake com topo | 4 fatias','2025-06-17 03:40:59.878731','2025-06-17 03:41:57.395974',1,5,'Escolha o sabor Mini Cake','FRAGOLA - massa de baunilha com brigadeiro branco cremoso e geleia artesanal de morango');
INSERT INTO orders_externalproduct VALUES(155,'Mini Cake com topo | 4 fatias','2025-06-17 03:40:59.898592','2025-06-17 03:41:39.510414',1,2,'Escolha o sabor Mini Cake','CHOCOLATUDO - Massa de chocolate com recheio cremoso de brigadeiro de chocolate');
INSERT INTO orders_externalproduct VALUES(156,'Bentô Cake | 2 fatias','2025-06-17 16:03:59.143143','2025-06-17 16:09:19.144506',9,4,'Sabor Bentô Cake','CENOURA: Massa de Cenoura com recheio de brigadeiro de chocolate');
INSERT INTO orders_externalproduct VALUES(157,'Bentô Cake | 2 fatias','2025-06-17 16:03:59.169077','2025-06-17 16:03:59.169119',NULL,NULL,'Escolha a cobertura','Cobertura Merengue Buttercream Colorida');
INSERT INTO orders_externalproduct VALUES(158,'Bentô Cake | 2 fatias','2025-06-17 16:03:59.182756','2025-06-17 16:03:59.182775',NULL,NULL,'Escolha como quer embalar seu bentô cake','🚕 Retirada via aplicativos CARRO');
INSERT INTO orders_externalproduct VALUES(159,'Mini Cake com topo | 4 fatias','2025-06-17 16:03:59.194063','2025-06-17 16:10:02.440483',1,4,'Escolha o sabor Mini Cake topo','CENOURA - Massa de Cenoura, recheado com brigadeiro de chocolate');
INSERT INTO orders_externalproduct VALUES(160,'Mini Cake com topo | 4 fatias','2025-06-17 16:03:59.200527','2025-06-17 16:03:59.200544',NULL,NULL,'Escolha a cobertura','Cobertura Merengue Buttercream Colorida');
INSERT INTO orders_externalproduct VALUES(161,'Mini Cake com topo | 4 fatias','2025-06-17 16:03:59.208397','2025-06-17 16:03:59.208412',NULL,NULL,'Adicional decoração mini cake','🚗 Vou buscar pessoalmente');
INSERT INTO orders_externalproduct VALUES(162,'Mini Cake com topo | 4 fatias','2025-06-17 16:03:59.214966','2025-06-17 16:03:59.214982',NULL,NULL,'Adicional decoração mini cake','ESTOU CIENTE');
INSERT INTO orders_externalproduct VALUES(163,'Mini Cake com topo | 4 fatias','2025-06-17 16:03:59.221778','2025-06-17 16:03:59.221797',NULL,NULL,'Adicional decoração mini cake','LI E ACEITO A POLÍTICA DE CANCELAMENTO');
INSERT INTO orders_externalproduct VALUES(164,'Mini Cake com topo | 4 fatias','2025-06-17 16:03:59.227789','2025-06-17 16:03:59.227812',NULL,NULL,'Adicional decoração mini cake','ESTOU DE ACORDO');
INSERT INTO orders_externalproduct VALUES(165,'Mini Cake com topo | 4 fatias','2025-06-17 16:03:59.234456','2025-06-17 16:03:59.234473',NULL,NULL,'Adicional decoração mini cake','SOU RESPONSÁVEL PELA RETIRADA DO BOLO');
INSERT INTO orders_externalproduct VALUES(166,'Bolo P redondo | 15 fatias','2025-06-17 16:03:59.242077','2025-06-17 16:10:24.083419',3,5,'Escolha o sabor- P redondo','FRAGOLA - massa de baunilha com brigadeiro branco cremoso e geleia artesanal de morango');
INSERT INTO orders_externalproduct VALUES(167,'Bolo P redondo | 15 fatias','2025-06-17 16:03:59.250977','2025-06-17 16:03:59.250993',NULL,NULL,'Hora de decorar - P','Vintage Minimalista');


INSERT INTO man_recipe (id, "name", description, measure_quantity, created_at, updated_at, recipe_category_id, measure_unit) VALUES(1,'Massa Branca - Óleo','1.Na batedeira, adicionar os ovos, óleo, açúcar e baunilha\n2.Bater por aproximadamente 5min com o globo\n.Depois de tudo incorporado, acrescentar os secos e o leite em 3 partes e bater na velocidade mínima até incorporar\n.Porcionar nas formas\n.Assar a 130 graus',4900.0,'2000-01-01 00:00:00','2025-06-22 02:31:57.082290',1,'g');
INSERT INTO man_recipe (id, "name", description, measure_quantity, created_at, updated_at, recipe_category_id, measure_unit) VALUES(2,'Massa Chocolate - Óleo','1.Na batedeira, adicionar os ovos, óleo, açúcar e baunilha\r\n 2.Bater por aproximadamente 5min com o globo\r\n 3.Depois de tudo incorporado, acrescentar os secos e o leite em 3\r\n partes e bater na velocidade mínima até incorporar\r\n 4.Porcionar nas formas\r\n 5.Assar a 130°',4900.0,'2000-01-01 00:00:00','2025-06-22 02:31:43.101024',1,'g');
INSERT INTO man_recipe (id, "name", description, measure_quantity, created_at, updated_at, recipe_category_id, measure_unit) VALUES(3,'Massa Cenoura - Óleo','1.Descascar e cortar em rodelas a cenoura\r\n2.No liquidificador bater o açucar, ovos, óleo e cenoura\r\n3.Bater até ficar homogêneo\r\n4.Em um bowl grande, separar a farinha, fermento e sal\r\n5.Transferir o liquido para o bowl e misturar até ficar homogêneo\r\n6.Porcionar nas formas, de acordo com os tamanhos\r\n7.Assar em forno pré-aquecido a 130º',2700.0,'2000-01-01 00:00:00','2025-06-22 02:31:52.085271',1,'g');
INSERT INTO man_recipe (id, "name", description, measure_quantity, created_at, updated_at, recipe_category_id, measure_unit) VALUES(4,'Recheio de Brigadeiro Branco','',425.0,'2025-06-11 05:44:28.585156','2025-06-22 02:31:16.250210',2,'g');
INSERT INTO man_recipe (id, "name", description, measure_quantity, created_at, updated_at, recipe_category_id, measure_unit) VALUES(5,'Geleia de Frutas Vermelhas','',999.0,'2025-06-11 05:47:12.999543','2025-06-22 02:31:00.578719',1,'g');
INSERT INTO man_recipe (id, "name", description, measure_quantity, created_at, updated_at, recipe_category_id, measure_unit) VALUES(6,'Geleia de Morango','',999.0,'2025-06-11 05:50:29.813570','2025-06-14 17:23:14.290478',2,'g');
INSERT INTO man_recipe (id, "name", description, measure_quantity, created_at, updated_at, recipe_category_id, measure_unit) VALUES(7,'Recheio Brigadeiro Tradicional','',425.0,'2025-06-11 05:52:08.549866','2025-06-22 02:31:26.120900',2,'g');
INSERT INTO man_recipe (id, "name", description, measure_quantity, created_at, updated_at, recipe_category_id, measure_unit) VALUES(8,'Buttercream','',390.0,'2025-06-11 05:57:13.112813','2025-06-22 02:30:52.553999',3,'g');

INSERT INTO man_recipe_ingredient (id, measure_quantity, ingredient_id, recipe_id, "position", measure_unit) VALUES(1,750.0,2,1,1,'g');
INSERT INTO man_recipe_ingredient (id, measure_quantity, ingredient_id, recipe_id, "position", measure_unit) VALUES(2,0.0,7,1,2,'g');
INSERT INTO man_recipe_ingredient (id, measure_quantity, ingredient_id, recipe_id, "position", measure_unit) VALUES(5,770.0,3,1,3,'g');
INSERT INTO man_recipe_ingredient (id, measure_quantity, ingredient_id, recipe_id, "position", measure_unit) VALUES(6,1230.0,4,1,4,'g');
INSERT INTO man_recipe_ingredient (id, measure_quantity, ingredient_id, recipe_id, "position", measure_unit) VALUES(7,1400.0,1,1,5,'g');
INSERT INTO man_recipe_ingredient (id, measure_quantity, ingredient_id, recipe_id, "position", measure_unit) VALUES(8,45.0,5,1,6,'g');
INSERT INTO man_recipe_ingredient (id, measure_quantity, ingredient_id, recipe_id, "position", measure_unit) VALUES(9,790.0,6,1,7,'g');
INSERT INTO man_recipe_ingredient (id, measure_quantity, ingredient_id, recipe_id, "position", measure_unit) VALUES(10,750.0,2,2,0,'g');
INSERT INTO man_recipe_ingredient (id, measure_quantity, ingredient_id, recipe_id, "position", measure_unit) VALUES(11,0.0,7,2,0,'g');
INSERT INTO man_recipe_ingredient (id, measure_quantity, ingredient_id, recipe_id, "position", measure_unit) VALUES(12,770.0,3,2,0,'g');
INSERT INTO man_recipe_ingredient (id, measure_quantity, ingredient_id, recipe_id, "position", measure_unit) VALUES(13,1230.0,4,2,0,'g');
INSERT INTO man_recipe_ingredient (id, measure_quantity, ingredient_id, recipe_id, "position", measure_unit) VALUES(14,1260.0,1,2,0,'g');
INSERT INTO man_recipe_ingredient (id, measure_quantity, ingredient_id, recipe_id, "position", measure_unit) VALUES(15,140.0,8,2,0,'g');
INSERT INTO man_recipe_ingredient (id, measure_quantity, ingredient_id, recipe_id, "position", measure_unit) VALUES(16,45.0,5,2,0,'g');
INSERT INTO man_recipe_ingredient (id, measure_quantity, ingredient_id, recipe_id, "position", measure_unit) VALUES(17,790.0,6,2,0,'g');
INSERT INTO man_recipe_ingredient (id, measure_quantity, ingredient_id, recipe_id, "position", measure_unit) VALUES(18,800.0,4,3,0,'g');
INSERT INTO man_recipe_ingredient (id, measure_quantity, ingredient_id, recipe_id, "position", measure_unit) VALUES(19,400.0,2,3,0,'g');
INSERT INTO man_recipe_ingredient (id, measure_quantity, ingredient_id, recipe_id, "position", measure_unit) VALUES(20,300.0,3,3,0,'g');
INSERT INTO man_recipe_ingredient (id, measure_quantity, ingredient_id, recipe_id, "position", measure_unit) VALUES(21,600.0,9,3,0,'g');
INSERT INTO man_recipe_ingredient (id, measure_quantity, ingredient_id, recipe_id, "position", measure_unit) VALUES(22,660.0,1,3,0,'g');
INSERT INTO man_recipe_ingredient (id, measure_quantity, ingredient_id, recipe_id, "position", measure_unit) VALUES(23,28.0,5,3,0,'g');
INSERT INTO man_recipe_ingredient (id, measure_quantity, ingredient_id, recipe_id, "position", measure_unit) VALUES(24,4.0,10,3,0,'g');
INSERT INTO man_recipe_ingredient (id, measure_quantity, ingredient_id, recipe_id, "position", measure_unit) VALUES(25,395.0,11,4,1,'g');
INSERT INTO man_recipe_ingredient (id, measure_quantity, ingredient_id, recipe_id, "position", measure_unit) VALUES(26,200.0,12,4,2,'g');
INSERT INTO man_recipe_ingredient (id, measure_quantity, ingredient_id, recipe_id, "position", measure_unit) VALUES(27,100.0,4,5,2,'g');
INSERT INTO man_recipe_ingredient (id, measure_quantity, ingredient_id, recipe_id, "position", measure_unit) VALUES(28,100.0,4,6,2,'g');
INSERT INTO man_recipe_ingredient (id, measure_quantity, ingredient_id, recipe_id, "position", measure_unit) VALUES(29,1000.0,13,6,1,'g');
INSERT INTO man_recipe_ingredient (id, measure_quantity, ingredient_id, recipe_id, "position", measure_unit) VALUES(30,200.0,12,7,2,'g');
INSERT INTO man_recipe_ingredient (id, measure_quantity, ingredient_id, recipe_id, "position", measure_unit) VALUES(31,395.0,11,7,1,'g');
INSERT INTO man_recipe_ingredient (id, measure_quantity, ingredient_id, recipe_id, "position", measure_unit) VALUES(32,200.0,14,8,1,'g');
INSERT INTO man_recipe_ingredient (id, measure_quantity, ingredient_id, recipe_id, "position", measure_unit) VALUES(33,110.0,4,8,2,'g');
INSERT INTO man_recipe_ingredient (id, measure_quantity, ingredient_id, recipe_id, "position", measure_unit) VALUES(34,80.0,15,8,3,'g');
INSERT INTO man_recipe_ingredient (id, measure_quantity, ingredient_id, recipe_id, "position", measure_unit) VALUES(35,0.0,10,8,4,'g');
INSERT INTO man_recipe_ingredient (id, measure_quantity, ingredient_id, recipe_id, "position", measure_unit) VALUES(36,0.0,7,8,5,'g');
INSERT INTO man_recipe_ingredient (id, measure_quantity, ingredient_id, recipe_id, "position", measure_unit) VALUES(37,1000.0,16,5,1,'g');
INSERT INTO man_recipe_ingredient (id, measure_quantity, ingredient_id, recipe_id, "position", measure_unit) VALUES(38,30.0,17,5,3,'g');
INSERT INTO man_recipe_ingredient (id, measure_quantity, ingredient_id, recipe_id, "position", measure_unit) VALUES(39,30.0,17,6,3,'g');
INSERT INTO man_recipe_ingredient (id, measure_quantity, ingredient_id, recipe_id, "position", measure_unit) VALUES(40,20.0,8,7,3,'g');

INSERT INTO man_product_data_sheet_recipe (id, measure_quantity, data_sheet_id, recipe_id, multiple, baking_pan_id, measure_unit) VALUES(3,250.0,2,2,2.0,8,'g');
INSERT INTO man_product_data_sheet_recipe (id, measure_quantity, data_sheet_id, recipe_id, multiple, baking_pan_id, measure_unit) VALUES(4,500.0,3,1,2.0,2,'g');
INSERT INTO man_product_data_sheet_recipe (id, measure_quantity, data_sheet_id, recipe_id, multiple, baking_pan_id, measure_unit) VALUES(5,170.0,3,4,2.0,NULL,'g');
INSERT INTO man_product_data_sheet_recipe (id, measure_quantity, data_sheet_id, recipe_id, multiple, baking_pan_id, measure_unit) VALUES(8,100.0,2,7,3.0,NULL,'g');
INSERT INTO man_product_data_sheet_recipe (id, measure_quantity, data_sheet_id, recipe_id, multiple, baking_pan_id, measure_unit) VALUES(9,15.0,4,4,6.0,NULL,'g');
INSERT INTO man_product_data_sheet_recipe (id, measure_quantity, data_sheet_id, recipe_id, multiple, baking_pan_id, measure_unit) VALUES(10,17.0,5,4,50.0,NULL,'g');
INSERT INTO man_product_data_sheet_recipe (id, measure_quantity, data_sheet_id, recipe_id, multiple, baking_pan_id, measure_unit) VALUES(11,17.0,6,4,50.0,NULL,'g');
INSERT INTO man_product_data_sheet_recipe (id, measure_quantity, data_sheet_id, recipe_id, multiple, baking_pan_id, measure_unit) VALUES(12,600.0,7,1,2.0,5,'g');
INSERT INTO man_product_data_sheet_recipe (id, measure_quantity, data_sheet_id, recipe_id, multiple, baking_pan_id, measure_unit) VALUES(13,40.0,7,8,3.0,NULL,'g');
INSERT INTO man_product_data_sheet_recipe (id, measure_quantity, data_sheet_id, recipe_id, multiple, baking_pan_id, measure_unit) VALUES(14,35.0,3,8,3.0,NULL,'g');
INSERT INTO man_product_data_sheet_recipe (id, measure_quantity, data_sheet_id, recipe_id, multiple, baking_pan_id, measure_unit) VALUES(17,230.0,3,8,1.0,NULL,'g');
INSERT INTO man_product_data_sheet_recipe (id, measure_quantity, data_sheet_id, recipe_id, multiple, baking_pan_id, measure_unit) VALUES(18,280.0,7,8,1.0,NULL,'g');
INSERT INTO man_product_data_sheet_recipe (id, measure_quantity, data_sheet_id, recipe_id, multiple, baking_pan_id, measure_unit) VALUES(19,200.0,7,4,2.0,NULL,'g');
INSERT INTO man_product_data_sheet_recipe (id, measure_quantity, data_sheet_id, recipe_id, multiple, baking_pan_id, measure_unit) VALUES(20,200.0,7,6,1.0,NULL,'g');
INSERT INTO man_product_data_sheet_recipe (id, measure_quantity, data_sheet_id, recipe_id, multiple, baking_pan_id, measure_unit) VALUES(21,250.0,8,3,2.0,8,'g');
INSERT INTO man_product_data_sheet_recipe (id, measure_quantity, data_sheet_id, recipe_id, multiple, baking_pan_id, measure_unit) VALUES(22,100.0,8,7,3.0,NULL,'g');
INSERT INTO man_product_data_sheet_recipe (id, measure_quantity, data_sheet_id, recipe_id, multiple, baking_pan_id, measure_unit) VALUES(23,160.0,9,3,1.0,9,'g');
INSERT INTO man_product_data_sheet_recipe (id, measure_quantity, data_sheet_id, recipe_id, multiple, baking_pan_id, measure_unit) VALUES(24,80.0,9,7,1.0,NULL,'g');
INSERT INTO man_product_data_sheet_recipe (id, measure_quantity, data_sheet_id, recipe_id, multiple, baking_pan_id, measure_unit) VALUES(25,600.0,10,1,2.0,5,'g');
INSERT INTO man_product_data_sheet_recipe (id, measure_quantity, data_sheet_id, recipe_id, multiple, baking_pan_id, measure_unit) VALUES(26,200.0,10,4,3.0,NULL,'g');
INSERT INTO man_product_data_sheet_recipe (id, measure_quantity, data_sheet_id, recipe_id, multiple, baking_pan_id, measure_unit) VALUES(27,600.0,11,1,2.0,3,'g');
INSERT INTO man_product_data_sheet_recipe (id, measure_quantity, data_sheet_id, recipe_id, multiple, baking_pan_id, measure_unit) VALUES(28,200.0,11,6,1.0,NULL,'g');
INSERT INTO man_product_data_sheet_recipe (id, measure_quantity, data_sheet_id, recipe_id, multiple, baking_pan_id, measure_unit) VALUES(29,200.0,11,4,2.0,NULL,'g');
INSERT INTO man_product_data_sheet_recipe (id, measure_quantity, data_sheet_id, recipe_id, multiple, baking_pan_id, measure_unit) VALUES(30,500.0,12,1,2.0,2,'g');
INSERT INTO man_product_data_sheet_recipe (id, measure_quantity, data_sheet_id, recipe_id, multiple, baking_pan_id, measure_unit) VALUES(31,170.0,12,6,1.0,NULL,'g');
INSERT INTO man_product_data_sheet_recipe (id, measure_quantity, data_sheet_id, recipe_id, multiple, baking_pan_id, measure_unit) VALUES(32,170.0,12,4,2.0,NULL,'g');
INSERT INTO man_product_data_sheet_recipe (id, measure_quantity, data_sheet_id, recipe_id, multiple, baking_pan_id, measure_unit) VALUES(33,500.0,13,2,1.0,2,'g');
INSERT INTO man_product_data_sheet_recipe (id, measure_quantity, data_sheet_id, recipe_id, multiple, baking_pan_id, measure_unit) VALUES(34,500.0,13,1,1.0,2,'g');
INSERT INTO man_product_data_sheet_recipe (id, measure_quantity, data_sheet_id, recipe_id, multiple, baking_pan_id, measure_unit) VALUES(35,170.0,13,4,1.0,NULL,'g');
INSERT INTO man_product_data_sheet_recipe (id, measure_quantity, data_sheet_id, recipe_id, multiple, baking_pan_id, measure_unit) VALUES(36,170.0,13,7,2.0,NULL,'g');
INSERT INTO man_product_data_sheet_recipe (id, measure_quantity, data_sheet_id, recipe_id, multiple, baking_pan_id, measure_unit) VALUES(37,35.0,13,8,3.0,NULL,'g');
INSERT INTO man_product_data_sheet_recipe (id, measure_quantity, data_sheet_id, recipe_id, multiple, baking_pan_id, measure_unit) VALUES(38,280.0,10,8,1.0,NULL,'g');
INSERT INTO man_product_data_sheet_recipe (id, measure_quantity, data_sheet_id, recipe_id, multiple, baking_pan_id, measure_unit) VALUES(39,60.0,9,8,1.0,NULL,'g');
INSERT INTO man_product_data_sheet_recipe (id, measure_quantity, data_sheet_id, recipe_id, multiple, baking_pan_id, measure_unit) VALUES(40,280.0,11,8,1.0,NULL,'g');
INSERT INTO man_product_data_sheet_recipe (id, measure_quantity, data_sheet_id, recipe_id, multiple, baking_pan_id, measure_unit) VALUES(41,40.0,11,8,3.0,NULL,'g');
INSERT INTO man_product_data_sheet_recipe (id, measure_quantity, data_sheet_id, recipe_id, multiple, baking_pan_id, measure_unit) VALUES(42,40.0,10,8,3.0,NULL,'g');
INSERT INTO man_product_data_sheet_recipe (id, measure_quantity, data_sheet_id, recipe_id, multiple, baking_pan_id, measure_unit) VALUES(43,35.0,12,8,3.0,NULL,'g');
INSERT INTO man_product_data_sheet_recipe (id, measure_quantity, data_sheet_id, recipe_id, multiple, baking_pan_id, measure_unit) VALUES(44,230.0,12,8,1.0,NULL,'g');
INSERT INTO man_product_data_sheet_recipe (id, measure_quantity, data_sheet_id, recipe_id, multiple, baking_pan_id, measure_unit) VALUES(45,230.0,13,8,1.0,NULL,'g');
INSERT INTO man_product_data_sheet_recipe (id, measure_quantity, data_sheet_id, recipe_id, multiple, baking_pan_id, measure_unit) VALUES(46,22.0,2,8,3.0,NULL,'g');
INSERT INTO man_product_data_sheet_recipe (id, measure_quantity, data_sheet_id, recipe_id, multiple, baking_pan_id, measure_unit) VALUES(47,150.0,2,8,1.0,NULL,'g');
INSERT INTO man_product_data_sheet_recipe (id, measure_quantity, data_sheet_id, recipe_id, multiple, baking_pan_id, measure_unit) VALUES(48,22.0,9,8,3.0,NULL,'g');
INSERT INTO man_product_data_sheet_recipe (id, measure_quantity, data_sheet_id, recipe_id, multiple, baking_pan_id, measure_unit) VALUES(49,150.0,8,8,1.0,NULL,'g');
INSERT INTO man_product_data_sheet_recipe (id, measure_quantity, data_sheet_id, recipe_id, multiple, baking_pan_id, measure_unit) VALUES(50,22.0,8,8,3.0,NULL,'g');
INSERT INTO man_product_data_sheet_recipe (id, measure_quantity, data_sheet_id, recipe_id, multiple, baking_pan_id, measure_unit) VALUES(51,800.0,14,2,2.0,4,'g');
INSERT INTO man_product_data_sheet_recipe (id, measure_quantity, data_sheet_id, recipe_id, multiple, baking_pan_id, measure_unit) VALUES(52,320.0,14,7,3.0,NULL,'g');
INSERT INTO man_product_data_sheet_recipe (id, measure_quantity, data_sheet_id, recipe_id, multiple, baking_pan_id, measure_unit) VALUES(53,350.0,14,8,1.0,NULL,'g');
INSERT INTO man_product_data_sheet_recipe (id, measure_quantity, data_sheet_id, recipe_id, multiple, baking_pan_id, measure_unit) VALUES(54,50.0,14,8,3.0,NULL,'g');
INSERT INTO man_product_data_sheet_recipe (id, measure_quantity, data_sheet_id, recipe_id, multiple, baking_pan_id, measure_unit) VALUES(55,250.0,15,2,1.0,8,'g');
INSERT INTO man_product_data_sheet_recipe (id, measure_quantity, data_sheet_id, recipe_id, multiple, baking_pan_id, measure_unit) VALUES(56,250.0,15,1,1.0,8,'g');
INSERT INTO man_product_data_sheet_recipe (id, measure_quantity, data_sheet_id, recipe_id, multiple, baking_pan_id, measure_unit) VALUES(57,100.0,15,4,1.0,NULL,'g');
INSERT INTO man_product_data_sheet_recipe (id, measure_quantity, data_sheet_id, recipe_id, multiple, baking_pan_id, measure_unit) VALUES(58,200.0,15,7,2.0,NULL,'g');
INSERT INTO man_product_data_sheet_recipe (id, measure_quantity, data_sheet_id, recipe_id, multiple, baking_pan_id, measure_unit) VALUES(59,210.0,15,8,1.0,NULL,'g');
INSERT INTO man_product_data_sheet_recipe (id, measure_quantity, data_sheet_id, recipe_id, multiple, baking_pan_id, measure_unit) VALUES(60,240.0,16,2,1.0,7,'g');
INSERT INTO man_product_data_sheet_recipe (id, measure_quantity, data_sheet_id, recipe_id, multiple, baking_pan_id, measure_unit) VALUES(61,160.0,16,2,2.0,NULL,'g');
INSERT INTO man_product_data_sheet_recipe (id, measure_quantity, data_sheet_id, recipe_id, multiple, baking_pan_id, measure_unit) VALUES(62,130.0,16,8,1.0,NULL,'g');
INSERT INTO man_product_data_sheet_recipe (id, measure_quantity, data_sheet_id, recipe_id, multiple, baking_pan_id, measure_unit) VALUES(63,160.0,17,1,1.0,9,'g');
INSERT INTO man_product_data_sheet_recipe (id, measure_quantity, data_sheet_id, recipe_id, multiple, baking_pan_id, measure_unit) VALUES(64,20.0,17,6,1.0,NULL,'g');
INSERT INTO man_product_data_sheet_recipe (id, measure_quantity, data_sheet_id, recipe_id, multiple, baking_pan_id, measure_unit) VALUES(65,60.0,17,4,1.0,NULL,'g');
INSERT INTO man_product_data_sheet_recipe (id, measure_quantity, data_sheet_id, recipe_id, multiple, baking_pan_id, measure_unit) VALUES(66,100.0,17,8,1.0,NULL,'g');
INSERT INTO man_product_data_sheet_recipe (id, measure_quantity, data_sheet_id, recipe_id, multiple, baking_pan_id, measure_unit) VALUES(67,500.0,18,1,1.0,1,'g');
INSERT INTO man_product_data_sheet_recipe (id, measure_quantity, data_sheet_id, recipe_id, multiple, baking_pan_id, measure_unit) VALUES(68,500.0,18,2,1.0,1,'g');
INSERT INTO man_product_data_sheet_recipe (id, measure_quantity, data_sheet_id, recipe_id, multiple, baking_pan_id, measure_unit) VALUES(69,170.0,18,4,1.0,NULL,'g');
INSERT INTO man_product_data_sheet_recipe (id, measure_quantity, data_sheet_id, recipe_id, multiple, baking_pan_id, measure_unit) VALUES(70,170.0,18,7,2.0,NULL,'g');
INSERT INTO man_product_data_sheet_recipe (id, measure_quantity, data_sheet_id, recipe_id, multiple, baking_pan_id, measure_unit) VALUES(71,35.0,18,8,3.0,NULL,'g');
INSERT INTO man_product_data_sheet_recipe (id, measure_quantity, data_sheet_id, recipe_id, multiple, baking_pan_id, measure_unit) VALUES(72,230.0,18,8,1.0,NULL,'g');
INSERT INTO man_product_data_sheet_recipe (id, measure_quantity, data_sheet_id, recipe_id, multiple, baking_pan_id, measure_unit) VALUES(73,600.0,19,1,1.0,5,'g');
INSERT INTO man_product_data_sheet_recipe (id, measure_quantity, data_sheet_id, recipe_id, multiple, baking_pan_id, measure_unit) VALUES(74,600.0,19,2,1.0,5,'g');
INSERT INTO man_product_data_sheet_recipe (id, measure_quantity, data_sheet_id, recipe_id, multiple, baking_pan_id, measure_unit) VALUES(75,200.0,19,4,1.0,NULL,'g');
INSERT INTO man_product_data_sheet_recipe (id, measure_quantity, data_sheet_id, recipe_id, multiple, baking_pan_id, measure_unit) VALUES(76,200.0,19,7,2.0,NULL,'g');
INSERT INTO man_product_data_sheet_recipe (id, measure_quantity, data_sheet_id, recipe_id, multiple, baking_pan_id, measure_unit) VALUES(77,40.0,19,8,3.0,NULL,'g');
INSERT INTO man_product_data_sheet_recipe (id, measure_quantity, data_sheet_id, recipe_id, multiple, baking_pan_id, measure_unit) VALUES(78,280.0,19,8,1.0,NULL,'g');
INSERT INTO man_product_data_sheet_recipe (id, measure_quantity, data_sheet_id, recipe_id, multiple, baking_pan_id, measure_unit) VALUES(79,240.0,20,1,1.0,7,'g');
INSERT INTO man_product_data_sheet_recipe (id, measure_quantity, data_sheet_id, recipe_id, multiple, baking_pan_id, measure_unit) VALUES(80,30.0,20,6,2.0,NULL,'g');
INSERT INTO man_product_data_sheet_recipe (id, measure_quantity, data_sheet_id, recipe_id, multiple, baking_pan_id, measure_unit) VALUES(81,50.0,20,4,2.0,NULL,'g');
INSERT INTO man_product_data_sheet_recipe (id, measure_quantity, data_sheet_id, recipe_id, multiple, baking_pan_id, measure_unit) VALUES(82,130.0,20,8,1.0,NULL,'g');
INSERT INTO man_product_data_sheet_recipe (id, measure_quantity, data_sheet_id, recipe_id, multiple, baking_pan_id, measure_unit) VALUES(83,160.0,21,2,1.0,9,'g');
INSERT INTO man_product_data_sheet_recipe (id, measure_quantity, data_sheet_id, recipe_id, multiple, baking_pan_id, measure_unit) VALUES(84,80.0,21,7,1.0,NULL,'g');
INSERT INTO man_product_data_sheet_recipe (id, measure_quantity, data_sheet_id, recipe_id, multiple, baking_pan_id, measure_unit) VALUES(85,100.0,21,8,1.0,NULL,'g');
INSERT INTO man_product_data_sheet_recipe (id, measure_quantity, data_sheet_id, recipe_id, multiple, baking_pan_id, measure_unit) VALUES(86,170.0,3,5,1.0,NULL,'g');
INSERT INTO man_product_data_sheet_recipe (id, measure_quantity, data_sheet_id, recipe_id, multiple, baking_pan_id, measure_unit) VALUES(87,160.0,22,3,1.5,7,'g');
INSERT INTO man_product_data_sheet_recipe (id, measure_quantity, data_sheet_id, recipe_id, multiple, baking_pan_id, measure_unit) VALUES(88,160.0,22,7,2.0,NULL,'g');
INSERT INTO man_product_data_sheet_recipe (id, measure_quantity, data_sheet_id, recipe_id, multiple, baking_pan_id, measure_unit) VALUES(89,130.0,22,8,1.0,NULL,'g');
INSERT INTO man_product_data_sheet_recipe (id, measure_quantity, data_sheet_id, recipe_id, multiple, baking_pan_id, measure_unit) VALUES(90,500.0,23,1,2.0,2,'g');
INSERT INTO man_product_data_sheet_recipe (id, measure_quantity, data_sheet_id, recipe_id, multiple, baking_pan_id, measure_unit) VALUES(91,170.0,23,6,1.0,NULL,'g');
INSERT INTO man_product_data_sheet_recipe (id, measure_quantity, data_sheet_id, recipe_id, multiple, baking_pan_id, measure_unit) VALUES(92,170.0,23,4,2.0,NULL,'g');
INSERT INTO man_product_data_sheet_recipe (id, measure_quantity, data_sheet_id, recipe_id, multiple, baking_pan_id, measure_unit) VALUES(93,230.0,23,8,1.0,NULL,'g');
INSERT INTO man_product_data_sheet_recipe (id, measure_quantity, data_sheet_id, recipe_id, multiple, baking_pan_id, measure_unit) VALUES(94,35.0,23,8,3.0,NULL,'g');



COMMIT;
